{
  "Workflows": [
    {
      "Path": null,
      "SortBy": 0,
      "VariablesSectionElementsOrder": [],
      "ArgumentsSectionElementsOrder": null,
      "ConstantsSectionElementsOrder": [],
      "AddedNamespaces": null
    },
    {
      "Path": "Translator_test.xaml",
      "SortBy": 0,
      "VariablesSectionElementsOrder": [
        "JsonResponse&Sequence_2",
        "Dt1&Sequence_2",
        "FromLangSelect&Sequence_2",
        "ML_FromLang&Sequence_2",
        "Input&Sequence_2",
        "ToLangSelect&Sequence_2",
        "ML_ToLang&Sequence_2",
        "LangList&Sequence_2",
        "variable1&Sequence_2",
        "UserRes&Sequence_20",
        "resMLSkill&Sequence_20",
        "head&Sequence_20",
        "jObj&Sequence_20",
        "sentiment&Sequence_20",
        "confidence&Sequence_20",
        "datatable&Sequence_20"
      ],
      "ArgumentsSectionElementsOrder": [],
      "ConstantsSectionElementsOrder": [],
      "AddedNamespaces": null
    },
    {
      "Path": "Z-Axis.xaml",
      "SortBy": 0,
      "VariablesSectionElementsOrder": [
        "UserRes&Sequence_20",
        "resMLSkill&Sequence_20",
        "head&Sequence_20",
        "jObj&Sequence_20",
        "sentiment&Sequence_20",
        "confidence&Sequence_20",
        "datatable&Sequence_20"
      ],
      "ArgumentsSectionElementsOrder": [],
      "ConstantsSectionElementsOrder": [],
      "AddedNamespaces": null
    }
  ]
}